family,params,mae,rmse,status,note
feature_mlp,"{""representation"": ""total"", ""hidden"": [23], ""l2"": 1.846962223200756e-05, ""learning_rate"": 0.0025057187257477684, ""epochs"": 300, ""loss"": ""mse""}",8.053763649680398,8.673601168487018,ok,
feature_mlp,"{""representation"": ""total"", ""hidden"": [31, 51], ""l2"": 0.0020383520828724955, ""learning_rate"": 0.09945911393063674, ""epochs"": 500, ""loss"": ""mse""}",8.169041546908291,9.211958885495662,ok,
feature_mlp,"{""representation"": ""total"", ""hidden"": [37, 58], ""l2"": 0.0023317766741501973, ""learning_rate"": 0.08769738660375286, ""epochs"": 500, ""loss"": ""mse""}",9.097350586544383,10.141528321286868,ok,
feature_mlp,"{""representation"": ""total"", ""hidden"": [21, 21], ""l2"": 0.0012152621852509354, ""learning_rate"": 0.06780227021579836, ""epochs"": 500, ""loss"": ""huber""}",9.337606603449041,10.256904377250153,ok,
feature_mlp,"{""representation"": ""total"", ""hidden"": [56], ""l2"": 0.00022429315533690916, ""learning_rate"": 0.0092238867121695, ""epochs"": 100, ""loss"": ""mse""}",9.367360375144266,10.275738783703344,ok,
feature_mlp,"{""representation"": ""total"", ""hidden"": [31], ""l2"": 1.8172629977159728e-05, ""learning_rate"": 0.01036467329253345, ""epochs"": 500, ""loss"": ""mse""}",9.64506738836115,10.249419941561735,ok,
feature_mlp,"{""representation"": ""total"", ""hidden"": [17, 12], ""l2"": 0.0016961746387291002, ""learning_rate"": 0.002054762512591136, ""epochs"": 500, ""loss"": ""mse""}",9.830408443104137,10.291729875087386,ok,
monotone_mlp,"{""representation"": ""total"", ""hidden"": [38], ""l2"": 0.0005056585404845843, ""learning_rate"": 0.01153197276157744, ""epochs"": 500, ""loss"": ""mse""}",12.559613314541904,13.535873513329689,ok,
monotone_mlp,"{""representation"": ""total"", ""hidden"": [21, 21], ""l2"": 0.0012152621852509354, ""learning_rate"": 0.06780227021579836, ""epochs"": 500, ""loss"": ""huber""}",12.858003096147018,14.097787661967152,ok,
monotone_mlp,"{""representation"": ""total"", ""hidden"": [30], ""l2"": 0.00016410906088360814, ""learning_rate"": 0.008352323122134579, ""epochs"": 500, ""loss"": ""mse""}",12.887156053022904,14.031403666610638,ok,
monotone_mlp,"{""representation"": ""total"", ""hidden"": [23], ""l2"": 1.846962223200756e-05, ""learning_rate"": 0.0025057187257477684, ""epochs"": 300, ""loss"": ""mse""}",13.394176483154297,14.857383079516385,ok,
monotone_mlp,"{""representation"": ""total"", ""hidden"": [39, 17], ""l2"": 0.0022104011489691463, ""learning_rate"": 0.014261606758943524, ""epochs"": 500, ""loss"": ""mse""}",13.697543057528408,15.352586968375364,ok,
monotone_mlp,"{""representation"": ""total"", ""hidden"": [17, 12], ""l2"": 0.0016961746387291002, ""learning_rate"": 0.002054762512591136, ""epochs"": 500, ""loss"": ""mse""}",13.912201968106357,15.712478434818857,ok,
monotone_mlp,"{""representation"": ""total"", ""hidden"": [16, 5, 19], ""l2"": 0.04430788173937543, ""learning_rate"": 0.000903039728888594, ""epochs"": 500, ""loss"": ""huber""}",14.181988802823154,16.17325968257367,ok,
feature_mlp,"{""representation"": ""physical"", ""hidden"": [5, 23, 5], ""l2"": 0.0528864706097109, ""learning_rate"": 0.0036774346621052147, ""epochs"": 500, ""loss"": ""huber""}",14.551630887118252,19.035192824426133,ok,
monotone_mlp,"{""representation"": ""physical"", ""hidden"": [4, 8, 5], ""l2"": 3.0248301110217265e-05, ""learning_rate"": 0.00022708223335487552, ""epochs"": 400, ""loss"": ""mse""}",17.589919697154652,19.882716463571086,ok,
feature_mlp,"{""representation"": ""total"", ""hidden"": [16, 5, 19], ""l2"": 0.04430788173937543, ""learning_rate"": 0.000903039728888594, ""epochs"": 500, ""loss"": ""huber""}",18.10745655406605,22.0912135199393,ok,
monotone_mlp,"{""representation"": ""physical"", ""hidden"": [10, 38], ""l2"": 3.058485169548532e-06, ""learning_rate"": 0.03264635677523523, ""epochs"": 200, ""loss"": ""mse""}",20.10374468023127,24.040206239615898,ok,
monotone_mlp,"{""representation"": ""physical"", ""hidden"": [25, 6, 5], ""l2"": 3.7769545138788986e-05, ""learning_rate"": 0.0012334805700860026, ""epochs"": 500, ""loss"": ""huber""}",20.47675323486328,24.45961785849378,ok,
monotone_mlp,"{""representation"": ""physical"", ""hidden"": [5, 23, 5], ""l2"": 0.0528864706097109, ""learning_rate"": 0.0036774346621052147, ""epochs"": 500, ""loss"": ""huber""}",20.50337756763805,24.375355421135414,ok,
monotone_mlp,"{""representation"": ""physical"", ""hidden"": [52, 4, 5], ""l2"": 1.2620948285169311e-06, ""learning_rate"": 0.03146730406166007, ""epochs"": 500, ""loss"": ""huber""}",21.910872719504617,25.596904056906105,ok,
feature_mlp,"{""representation"": ""physical"", ""hidden"": [52, 4, 5], ""l2"": 1.2620948285169311e-06, ""learning_rate"": 0.03146730406166007, ""epochs"": 500, ""loss"": ""huber""}",22.29098961570046,30.043421349135556,ok,
cnn,"{""representation"": ""image"", ""filters"": [16, 16, 8], ""dense_units"": 15, ""dropout"": 0.17941929914419388, ""learning_rate"": 0.0006894140015889008, ""epochs"": 400, ""augment_rounds"": 0, ""loss"": ""mse""}",24.868042512373492,27.97310884809903,ok,
cnn,"{""representation"": ""image"", ""filters"": [8, 16, 8], ""dense_units"": 32, ""dropout"": 0.18141161636130965, ""learning_rate"": 0.0010343275628406459, ""epochs"": 400, ""augment_rounds"": 0, ""loss"": ""mse""}",25.659711144187234,28.868803432296787,ok,
feature_mlp,"{""representation"": ""physical"", ""hidden"": [10, 38], ""l2"": 3.058485169548532e-06, ""learning_rate"": 0.03264635677523523, ""epochs"": 200, ""loss"": ""mse""}",26.965224439447578,30.23727799505997,ok,
feature_mlp,"{""representation"": ""physical"", ""hidden"": [4, 8, 5], ""l2"": 3.0248301110217265e-05, ""learning_rate"": 0.00022708223335487552, ""epochs"": 400, ""loss"": ""mse""}",27.14513007077304,29.81301661751657,ok,
cnn,"{""representation"": ""image"", ""filters"": [16, 16, 8], ""dense_units"": 23, ""dropout"": 0.1536590901937082, ""learning_rate"": 0.0008313014089037402, ""epochs"": 400, ""augment_rounds"": 0, ""loss"": ""mse""}",27.881276737559926,29.355908528347207,ok,
cnn,"{""representation"": ""image"", ""filters"": [16, 8], ""dense_units"": 23, ""dropout"": 0.04697025537922084, ""learning_rate"": 0.0014187079131473244, ""epochs"": 400, ""augment_rounds"": 1, ""loss"": ""mse""}",28.092336828058418,31.76322419482571,ok,
cnn,"{""representation"": ""image"", ""filters"": [8, 16, 16], ""dense_units"": 41, ""dropout"": 0.26444745987645224, ""learning_rate"": 0.001368009527972693, ""epochs"": 400, ""augment_rounds"": 0, ""loss"": ""mse""}",28.258598154241387,31.93824223372693,ok,
cnn,"{""representation"": ""image"", ""filters"": [8, 32], ""dense_units"": 26, ""dropout"": 0.4408676809274264, ""learning_rate"": 0.0024269631383790876, ""epochs"": 300, ""augment_rounds"": 2, ""loss"": ""mse""}",28.75522769581188,32.33830233339626,ok,
cnn,"{""representation"": ""image"", ""filters"": [8, 8], ""dense_units"": 19, ""dropout"": 0.06773703211122512, ""learning_rate"": 0.00039497049285898227, ""epochs"": 300, ""augment_rounds"": 2, ""loss"": ""huber""}",29.91722436384721,33.1249209028339,ok,
cnn,"{""representation"": ""image"", ""filters"": [32, 16, 32], ""dense_units"": 59, ""dropout"": 0.12437657175997902, ""learning_rate"": 0.0014200860749035516, ""epochs"": 300, ""augment_rounds"": 2, ""loss"": ""huber""}",30.75081409107555,32.43493852939302,ok,
monotone_mlp,"{""representation"": ""total"", ""hidden"": [56, 53], ""l2"": 0.0008260052593468142, ""learning_rate"": 0.08971291406484973, ""epochs"": 100, ""loss"": ""huber""}",33.29741842096502,37.868567784518504,ok,
cnn,"{""representation"": ""image"", ""filters"": [32, 8, 16], ""dense_units"": 57, ""dropout"": 0.26092416087503584, ""learning_rate"": 0.0006750312521595928, ""epochs"": 200, ""augment_rounds"": 3, ""loss"": ""huber""}",33.629023638638586,39.32805788542893,ok,
cnn,"{""representation"": ""image"", ""filters"": [8, 8], ""dense_units"": 19, ""dropout"": 0.34881559796363243, ""learning_rate"": 0.00013196262418422217, ""epochs"": 300, ""augment_rounds"": 3, ""loss"": ""mse""}",33.68714196573604,39.18138495352568,ok,
cnn,"{""representation"": ""image"", ""filters"": [16, 16, 32], ""dense_units"": 35, ""dropout"": 0.49942350328393326, ""learning_rate"": 0.00019901994840577003, ""epochs"": 400, ""augment_rounds"": 0, ""loss"": ""mse""}",35.537907513705164,38.83524430770755,ok,
monotone_mlp,"{""representation"": ""physical"", ""hidden"": [4], ""l2"": 0.013954045864229972, ""learning_rate"": 0.00010329669551879738, ""epochs"": 500, ""loss"": ""huber""}",37.65205209905451,43.603149356846636,ok,
feature_mlp,"{""representation"": ""physical"", ""hidden"": [25, 6, 5], ""l2"": 3.7769545138788986e-05, ""learning_rate"": 0.0012334805700860026, ""epochs"": 500, ""loss"": ""huber""}",38.24983501434326,47.60168662817942,ok,
cnn,"{""representation"": ""image"", ""filters"": [32, 32, 16], ""dense_units"": 61, ""dropout"": 0.302422759872523, ""learning_rate"": 0.0030097273776147323, ""epochs"": 100, ""augment_rounds"": 1, ""loss"": ""huber""}",46.45552305741744,52.57180260254232,ok,
cnn,"{""representation"": ""image"", ""filters"": [16, 8], ""dense_units"": 11, ""dropout"": 0.3265541627326992, ""learning_rate"": 0.00032105778495503974, ""epochs"": 200, ""augment_rounds"": 1, ""loss"": ""mse""}",47.52063111283562,55.64481021349775,ok,
cnn,"{""representation"": ""image"", ""filters"": [16, 8], ""dense_units"": 8, ""dropout"": 0.013861346623984222, ""learning_rate"": 0.0090894719755917, ""epochs"": 100, ""augment_rounds"": 4, ""loss"": ""mse""}",55.15003230355003,62.75975516018151,ok,
feature_mlp,"{""representation"": ""physical"", ""hidden"": [4], ""l2"": 0.013954045864229972, ""learning_rate"": 0.00010329669551879738, ""epochs"": 500, ""loss"": ""huber""}",107.42757346413352,125.73837777931445,ok,
